[
  {
    "id": 1,
    "name": "Vestido Floral Infantil",
    "description": "Vestido leve e confortável para meninas.",
    "category": "Roupas",
    "ageRange": "3-5 anos",
    "price": 79.90,
    "images": ["https://placehold.co/300x400?text=Vestido+Floral"],
    "sizes": ["P", "M", "G"],
    "colors": ["Rosa", "Branco"]
  },
  {
    "id": 2,
    "name": "Camiseta Dinossauro",
    "description": "Camiseta divertida com estampa de dinossauro.",
    "category": "Roupas",
    "ageRange": "6-8 anos",
    "price": 49.90,
    "images": ["https://placehold.co/300x400?text=Camiseta+Dinossauro"],
    "sizes": ["M", "G", "GG"],
    "colors": ["Verde", "Azul"]
  },
  {
    "id": 3,
    "name": "Conjunto Infantil Esportivo",
    "description": "Conjunto de moletom para o dia a dia.",
    "category": "Conjuntos",
    "ageRange": "9-12 anos",
    "price": 99.90,
    "images": ["https://placehold.co/300x400?text=Conjunto+Esportivo"],
    "sizes": ["P", "M", "G"],
    "colors": ["Cinza", "Preto"]
  }
]
